DataSet,psnr,ssim
Set5,28.631093778284953,0.8312787771224975
Set14,25.46571473377183,0.729432205359141
BSD100,25.96417986418166,0.7339300632476806
Urban100,23.094196303783953,0.721334594488144
SunHays80,N/A,N/A
