DataSet,psnr,ssim
Set5,31.440251715503848,0.9148647785186768
Set14,28.653368840250778,0.8704815904299418
BSD100,28.675302577214502,0.8836422264575958
Urban100,27.05062160042126,0.8922902107238769
SunHays80,N/A,N/A
