DataSet,psnr,ssim
Set5,31.440251715503848,0.9148647785186768
Set14,28.653368840250778,0.8704815904299418
BSD100,29.04441841471232,0.8870042145252228
Urban100,26.52311889740119,0.886169758439064
SunHays80,N/A,N/A
